date,open,high,low,close,volume
2023-12-28 00:00:00+05:30,3824.0,3838.0,3792.1,3799.9,1682889
2023-12-29 00:00:00+05:30,3792.0,3822.6,3765.4,3793.4,1574996
2024-01-01 00:00:00+05:30,3790.0,3832.0,3773.0,3811.1,825907
2024-01-02 00:00:00+05:30,3811.1,3811.1,3767.25,3783.2,1344068
2024-01-03 00:00:00+05:30,3767.0,3771.85,3687.05,3691.75,1803075
2024-01-04 00:00:00+05:30,3701.75,3719.0,3651.0,3666.8,3598144
2024-01-05 00:00:00+05:30,3675.0,3747.75,3674.85,3737.9,1963127
2024-01-08 00:00:00+05:30,3737.9,3739.75,3672.4,3678.3,1067805
2024-01-09 00:00:00+05:30,3709.95,3752.35,3682.75,3689.9,1370944
2024-01-10 00:00:00+05:30,3690.0,3729.25,3688.0,3713.05,1292227
2024-01-11 00:00:00+05:30,3724.0,3773.0,3707.0,3735.55,1777909
2024-01-12 00:00:00+05:30,3848.0,3905.25,3821.6,3882.8,6813450
2024-01-15 00:00:00+05:30,3960.0,3965.0,3885.0,3903.8,2801505
2024-01-16 00:00:00+05:30,3899.0,3899.0,3855.55,3861.3,1432672
2024-01-17 00:00:00+05:30,3819.0,3909.95,3812.55,3884.6,3458696
2024-01-18 00:00:00+05:30,3898.0,3908.8,3862.0,3902.6,2239110
2024-01-19 00:00:00+05:30,3945.0,3963.55,3915.05,3943.05,2941975
2024-01-20 00:00:00+05:30,3948.0,3955.65,3855.55,3860.65,516477
2024-01-23 00:00:00+05:30,3900.0,3933.9,3842.75,3858.25,2618854
2024-01-24 00:00:00+05:30,3880.0,3883.65,3805.6,3841.8,2657709
2024-01-25 00:00:00+05:30,3839.9,3861.0,3778.7,3810.3,2205154
2024-01-29 00:00:00+05:30,3800.8,3820.0,3780.85,3801.0,1646747
2024-01-30 00:00:00+05:30,3807.45,3847.8,3787.0,3800.55,1411621
2024-01-31 00:00:00+05:30,3811.2,3834.0,3796.45,3815.95,2459358
2024-02-01 00:00:00+05:30,3820.0,3904.9,3805.05,3854.15,2363107
2024-02-02 00:00:00+05:30,3875.05,3984.4,3872.0,3966.3,2826510
2024-02-05 00:00:00+05:30,3983.0,4022.0,3962.1,3973.3,1691523
2024-02-06 00:00:00+05:30,3997.0,4149.9,3990.0,4136.0,4474396
2024-02-07 00:00:00+05:30,4153.0,4155.0,4073.95,4083.4,2124267
2024-02-08 00:00:00+05:30,4090.0,4158.0,4086.05,4134.1,2345173
2024-02-09 00:00:00+05:30,4136.55,4184.75,4100.0,4133.7,2100596
2024-02-12 00:00:00+05:30,4130.0,4159.6,4105.55,4120.7,1013716
2024-02-13 00:00:00+05:30,4125.45,4170.0,4081.5,4149.5,1257415
2024-02-14 00:00:00+05:30,4107.0,4114.9,4049.5,4100.1,1391283
2024-02-15 00:00:00+05:30,4128.0,4146.3,4083.0,4103.2,1091582
2024-02-16 00:00:00+05:30,4113.25,4147.95,4100.1,4128.3,1307556
2024-02-19 00:00:00+05:30,4123.05,4128.3,4055.0,4103.8,772291
2024-02-20 00:00:00+05:30,4082.1,4098.0,4010.0,4030.65,1193648
2024-02-21 00:00:00+05:30,4013.0,4063.35,3980.6,3991.5,1885939
2024-02-22 00:00:00+05:30,3971.0,4094.95,3971.0,4087.1,2982052
2024-02-23 00:00:00+05:30,4130.0,4130.0,4046.4,4052.1,2538072
2024-02-26 00:00:00+05:30,4036.0,4050.0,3982.75,4001.05,1379284
2024-02-27 00:00:00+05:30,3999.0,4124.0,3999.0,4104.4,2960475
2024-02-28 00:00:00+05:30,4095.6,4154.9,4089.0,4118.95,1939225
2024-02-29 00:00:00+05:30,4099.0,4138.1,4064.55,4095.1,3772719
2024-03-01 00:00:00+05:30,4107.2,4140.0,4086.8,4094.35,2043265
2024-03-02 00:00:00+05:30,4112.7,4129.5,4090.15,4107.1,65057
2024-03-04 00:00:00+05:30,4105.0,4117.9,4075.9,4080.7,1749271
2024-03-05 00:00:00+05:30,4062.0,4064.0,3980.0,4012.1,2070859
2024-03-06 00:00:00+05:30,3994.05,4072.0,3958.45,4064.3,1744204
2024-03-07 00:00:00+05:30,4065.0,4124.0,4037.7,4108.6,2688905
2024-03-11 00:00:00+05:30,4089.0,4153.0,4089.0,4122.35,2304068
2024-03-12 00:00:00+05:30,4122.35,4229.95,4121.05,4192.25,4039801
2024-03-13 00:00:00+05:30,4205.0,4241.0,4131.9,4149.0,2837260
2024-03-14 00:00:00+05:30,4153.45,4225.0,4086.0,4207.6,2919608
2024-03-15 00:00:00+05:30,4192.6,4239.0,4177.0,4219.25,3373143
2024-03-18 00:00:00+05:30,4215.25,4254.75,4117.85,4152.5,1526904
2024-03-19 00:00:00+05:30,4051.25,4058.0,3966.6,3977.3,8931209
2024-03-20 00:00:00+05:30,3986.0,4018.0,3960.2,3970.9,1817913
2024-03-21 00:00:00+05:30,3990.05,4008.4,3948.0,3972.95,3829582
2024-03-22 00:00:00+05:30,3897.0,3938.0,3855.0,3910.9,5852485
2024-03-26 00:00:00+05:30,3875.0,3946.7,3871.45,3877.5,3440925
2024-03-27 00:00:00+05:30,3888.5,3895.0,3829.4,3840.9,1968575
2024-03-28 00:00:00+05:30,3850.1,3915.0,3840.5,3876.3,4311783
2024-04-01 00:00:00+05:30,3897.7,3933.3,3888.05,3916.75,1569676
2024-04-02 00:00:00+05:30,3890.0,3909.85,3873.0,3883.8,2142666
2024-04-03 00:00:00+05:30,3851.0,3981.0,3851.0,3947.3,3973090
2024-04-04 00:00:00+05:30,3975.9,4028.65,3935.25,4003.3,3394637
2024-04-05 00:00:00+05:30,3978.0,4002.0,3960.5,3979.25,1636819
2024-04-08 00:00:00+05:30,3983.0,4032.65,3960.0,3972.55,2302538
2024-04-09 00:00:00+05:30,3984.0,4015.85,3925.05,3946.55,1876992
2024-04-10 00:00:00+05:30,3956.4,3990.2,3918.0,3984.65,2101965
2024-04-12 00:00:00+05:30,3971.0,4013.35,3945.5,4001.4,4354821
2024-04-15 00:00:00+05:30,4001.4,4064.2,3919.05,3941.2,4200329
2024-04-16 00:00:00+05:30,3902.0,3928.7,3862.85,3872.8,3051420
2024-04-18 00:00:00+05:30,3876.8,3936.0,3850.0,3862.0,3476284
2024-04-19 00:00:00+05:30,3838.0,3852.55,3800.9,3826.2,2957749
2024-04-22 00:00:00+05:30,3837.0,3878.0,3812.0,3864.6,1728883
2024-04-23 00:00:00+05:30,3877.05,3895.0,3860.6,3874.7,1807586
2024-04-24 00:00:00+05:30,3890.0,3898.0,3824.45,3831.05,1317312
2024-04-25 00:00:00+05:30,3811.2,3873.65,3811.0,3852.2,2856271
2024-04-26 00:00:00+05:30,3855.15,3876.8,3802.55,3821.35,2039178
2024-04-29 00:00:00+05:30,3838.0,3877.8,3819.2,3870.2,1110693
2024-04-30 00:00:00+05:30,3872.0,3881.75,3810.0,3820.65,2203078
2024-05-02 00:00:00+05:30,3778.05,3871.1,3778.05,3863.3,2491044
2024-05-03 00:00:00+05:30,3890.15,3893.6,3797.6,3843.4,2962234
2024-05-06 00:00:00+05:30,3853.0,3939.95,3853.0,3921.05,2053831
2024-05-07 00:00:00+05:30,3930.8,3988.0,3913.5,3978.95,2062112
2024-05-08 00:00:00+05:30,3961.0,3984.3,3938.6,3976.95,1247685
2024-05-09 00:00:00+05:30,3962.0,3971.0,3910.05,3960.2,1726486
2024-05-10 00:00:00+05:30,3962.6,3973.6,3885.05,3893.9,1672489
2024-05-13 00:00:00+05:30,3884.5,3955.0,3870.0,3947.8,931326
2024-05-14 00:00:00+05:30,3936.0,3945.8,3892.9,3901.2,1058317
2024-05-15 00:00:00+05:30,3904.5,3926.95,3875.5,3880.4,1115021
2024-05-16 00:00:00+05:30,3891.1,3909.5,3843.5,3900.95,2599399
2024-05-17 00:00:00+05:30,3919.0,3920.0,3830.0,3834.1,2765804
2024-05-18 00:00:00+05:30,3847.0,3861.9,3840.0,3851.45,91011
2024-05-21 00:00:00+05:30,3830.6,3844.75,3810.05,3820.2,1908117
2024-05-22 00:00:00+05:30,3835.0,3841.25,3817.55,3832.0,1311168
2024-05-23 00:00:00+05:30,3840.95,3905.0,3825.5,3893.45,2095742
2024-05-24 00:00:00+05:30,3878.25,3883.8,3844.3,3849.5,1309452
2024-05-27 00:00:00+05:30,3855.0,3908.35,3841.35,3847.05,1841538
2024-05-28 00:00:00+05:30,3858.0,3870.0,3830.0,3839.9,1801993
2024-05-29 00:00:00+05:30,3848.9,3848.9,3800.0,3803.65,1568095
2024-05-30 00:00:00+05:30,3777.0,3794.4,3715.45,3736.1,2919230
2024-05-31 00:00:00+05:30,3740.0,3749.8,3653.75,3670.95,10956800
2024-06-03 00:00:00+05:30,3732.8,3751.55,3696.0,3702.85,2156773
2024-06-04 00:00:00+05:30,3700.0,3745.0,3591.5,3715.0,3395997
2024-06-05 00:00:00+05:30,3716.0,3783.8,3700.0,3746.45,2799670
2024-06-06 00:00:00+05:30,3781.0,3839.9,3741.5,3830.4,4328036
2024-06-07 00:00:00+05:30,3837.3,3915.0,3837.3,3893.95,4552445
2024-06-10 00:00:00+05:30,3895.0,3905.9,3841.9,3858.7,1734661
2024-06-11 00:00:00+05:30,3845.0,3879.95,3841.0,3852.1,1419898
2024-06-12 00:00:00+05:30,3874.4,3893.5,3827.45,3831.65,2177001
2024-06-13 00:00:00+05:30,3856.8,3890.0,3852.0,3878.15,1932323
2024-06-14 00:00:00+05:30,3889.0,3889.0,3828.0,3832.05,1860730
2024-06-18 00:00:00+05:30,3826.05,3842.0,3795.05,3815.1,1774045
2024-06-19 00:00:00+05:30,3827.65,3833.85,3792.95,3801.7,1509050
2024-06-20 00:00:00+05:30,3796.0,3809.95,3780.05,3787.25,2846526
2024-06-21 00:00:00+05:30,3827.0,3877.8,3798.05,3810.75,4642195
2024-06-24 00:00:00+05:30,3808.75,3857.0,3791.3,3816.8,1702154
2024-06-25 00:00:00+05:30,3817.0,3847.65,3792.9,3838.45,1338808
2024-06-26 00:00:00+05:30,3844.5,3866.95,3841.0,3855.85,1639845
2024-06-27 00:00:00+05:30,3831.0,3942.0,3818.1,3934.15,4526556
2024-06-28 00:00:00+05:30,3917.8,3960.0,3897.85,3904.15,2731571
2024-07-01 00:00:00+05:30,3884.0,4001.7,3884.0,3978.2,2658723
2024-07-02 00:00:00+05:30,3993.6,4023.4,3982.55,4017.4,2307449
2024-07-03 00:00:00+05:30,4020.0,4026.1,3955.0,3965.25,1821198
2024-07-04 00:00:00+05:30,3999.85,4047.35,3982.1,4020.95,2518001
2024-07-05 00:00:00+05:30,4010.0,4026.75,3988.0,4011.8,1668616
2024-07-08 00:00:00+05:30,4022.0,4031.25,3978.05,3993.2,1758882
2024-07-09 00:00:00+05:30,3985.0,4006.95,3975.1,3985.5,1305801
2024-07-10 00:00:00+05:30,3983.7,4003.3,3902.0,3909.15,2669716
2024-07-11 00:00:00+05:30,3931.0,3980.0,3895.6,3923.7,4872189
2024-07-12 00:00:00+05:30,3980.0,4199.95,3971.3,4183.95,13509164
2024-07-15 00:00:00+05:30,4235.7,4240.0,4157.05,4169.2,4848030
2024-07-16 00:00:00+05:30,4172.0,4194.55,4144.9,4178.45,2029521
2024-07-18 00:00:00+05:30,4160.0,4325.0,4160.0,4315.55,5613364
2024-07-19 00:00:00+05:30,4317.4,4358.75,4285.25,4302.4,3903354
2024-07-22 00:00:00+05:30,4299.95,4319.95,4265.0,4287.35,1896386
2024-07-23 00:00:00+05:30,4283.0,4361.7,4266.3,4302.35,2365208
2024-07-24 00:00:00+05:30,4287.5,4339.1,4268.1,4306.25,1809793
2024-07-25 00:00:00+05:30,4295.0,4343.0,4274.2,4322.5,2810342
2024-07-26 00:00:00+05:30,4350.0,4422.45,4337.05,4387.85,3552210
2024-07-29 00:00:00+05:30,4415.0,4431.0,4371.0,4381.1,1746803
2024-07-30 00:00:00+05:30,4391.1,4398.0,4327.3,4365.35,1797906
2024-07-31 00:00:00+05:30,4350.0,4414.0,4345.0,4385.35,2330091
2024-08-01 00:00:00+05:30,4399.4,4419.3,4365.05,4397.1,2202244
2024-08-02 00:00:00+05:30,4365.0,4398.0,4270.0,4283.05,2811282
2024-08-05 00:00:00+05:30,4239.0,4239.0,4110.5,4155.05,2787771
2024-08-06 00:00:00+05:30,4170.95,4258.25,4160.8,4171.2,2203067
2024-08-07 00:00:00+05:30,4228.0,4244.95,4180.3,4200.45,1237666
2024-08-08 00:00:00+05:30,4181.0,4232.0,4160.0,4172.55,2441283
2024-08-09 00:00:00+05:30,4217.0,4253.65,4205.55,4228.75,1302536
2024-08-12 00:00:00+05:30,4230.0,4239.0,4186.35,4195.65,936912
2024-08-13 00:00:00+05:30,4213.0,4234.0,4183.0,4196.95,1495593
2024-08-14 00:00:00+05:30,4209.0,4306.2,4188.15,4295.25,3226545
2024-08-16 00:00:00+05:30,4350.0,4427.0,4325.1,4416.05,3457058
2024-08-19 00:00:00+05:30,4421.0,4494.25,4390.35,4490.0,2055210
2024-08-20 00:00:00+05:30,4505.0,4565.0,4500.0,4523.3,2212298
2024-08-21 00:00:00+05:30,4518.0,4560.0,4492.55,4551.5,1896990
2024-08-22 00:00:00+05:30,4560.0,4560.95,4497.2,4502.0,1829872
2024-08-23 00:00:00+05:30,4500.0,4506.0,4455.0,4463.9,1809253
2024-08-26 00:00:00+05:30,4489.0,4552.15,4485.0,4502.45,1844164
2024-08-27 00:00:00+05:30,4505.0,4510.0,4486.8,4497.15,930697
2024-08-28 00:00:00+05:30,4498.75,4562.5,4457.3,4506.05,1848058
2024-08-29 00:00:00+05:30,4460.0,4556.0,4460.0,4511.8,2133641
2024-08-30 00:00:00+05:30,4500.0,4592.25,4487.8,4553.75,3637222
2024-09-02 00:00:00+05:30,4576.0,4588.0,4512.0,4521.05,1216500
2024-09-03 00:00:00+05:30,4521.05,4555.9,4495.9,4512.35,1717263
2024-09-04 00:00:00+05:30,4476.95,4487.0,4436.7,4479.25,1265505
2024-09-05 00:00:00+05:30,4481.0,4499.0,4454.15,4475.95,1688793
2024-09-06 00:00:00+05:30,4473.95,4518.95,4440.0,4456.75,1649179
2024-09-09 00:00:00+05:30,4455.0,4490.25,4430.5,4449.55,1184938
2024-09-10 00:00:00+05:30,4442.45,4539.95,4440.45,4507.85,1385591
2024-09-11 00:00:00+05:30,4521.45,4549.35,4471.25,4479.35,1325919
2024-09-12 00:00:00+05:30,4510.25,4532.6,4431.3,4517.7,2742216
2024-09-13 00:00:00+05:30,4530.0,4547.0,4505.0,4522.6,1458786
2024-09-16 00:00:00+05:30,4527.0,4546.05,4494.45,4513.25,1155120
2024-09-17 00:00:00+05:30,4513.25,4535.8,4466.0,4505.65,1699364
2024-09-18 00:00:00+05:30,4497.05,4497.05,4321.0,4346.15,2961779
2024-09-19 00:00:00+05:30,4390.05,4422.2,4281.8,4296.15,2927551
2024-09-20 00:00:00+05:30,4316.9,4330.7,4227.5,4284.9,5447908
2024-09-23 00:00:00+05:30,4300.0,4309.4,4253.0,4268.5,1702319
2024-09-24 00:00:00+05:30,4251.65,4291.0,4240.0,4271.3,3012026
2024-09-25 00:00:00+05:30,4252.35,4289.6,4240.0,4274.75,2713073
2024-09-26 00:00:00+05:30,4260.0,4316.8,4260.0,4292.5,3964251
2024-09-27 00:00:00+05:30,4335.0,4378.0,4300.05,4308.7,3012477
2024-09-30 00:00:00+05:30,4286.6,4298.75,4260.05,4271.0,2453532
2024-10-01 00:00:00+05:30,4255.55,4295.75,4242.95,4287.9,1823365
2024-10-03 00:00:00+05:30,4262.6,4279.0,4210.0,4232.75,3350119
2024-10-04 00:00:00+05:30,4225.0,4298.0,4224.05,4252.25,2965463
2024-10-07 00:00:00+05:30,4273.9,4297.25,4229.4,4272.85,1472619
2024-10-08 00:00:00+05:30,4272.6,4279.4,4203.95,4253.25,1541867
2024-10-09 00:00:00+05:30,4260.0,4295.0,4246.7,4252.95,1082504
2024-10-10 00:00:00+05:30,4253.25,4293.85,4198.6,4227.4,2378875
2024-10-11 00:00:00+05:30,4143.0,4241.95,4112.45,4149.2,5759183
2024-10-14 00:00:00+05:30,4140.0,4165.4,4122.2,4136.65,2137590
2024-10-15 00:00:00+05:30,4131.05,4169.95,4095.0,4116.8,2759474
2024-10-16 00:00:00+05:30,4085.0,4115.0,4067.2,4094.95,2359151
2024-10-17 00:00:00+05:30,4112.8,4129.95,4092.95,4109.0,2522659
2024-10-18 00:00:00+05:30,4090.0,4146.15,4080.0,4123.05,2361000
2024-10-21 00:00:00+05:30,4132.6,4139.95,4070.0,4079.85,1595450
2024-10-22 00:00:00+05:30,4066.0,4089.8,4006.35,4015.5,1928049
2024-10-23 00:00:00+05:30,3999.6,4113.55,3995.15,4066.25,1966476
2024-10-24 00:00:00+05:30,4004.0,4079.0,4004.0,4047.9,2676744
2024-10-25 00:00:00+05:30,4057.05,4092.0,4032.7,4057.55,1759676
2024-10-28 00:00:00+05:30,4068.95,4134.0,4051.0,4090.85,1532534
2024-10-29 00:00:00+05:30,4095.85,4103.5,4060.1,4075.25,1445885
2024-10-30 00:00:00+05:30,4075.0,4107.0,4060.05,4084.65,1935002
2024-10-31 00:00:00+05:30,4070.0,4078.3,3960.0,3968.45,3740372
2024-11-01 00:00:00+05:30,3989.85,3998.95,3976.05,3984.2,154895
2024-11-04 00:00:00+05:30,3966.3,3991.9,3913.25,3964.15,2269192
2024-11-05 00:00:00+05:30,3941.1,3986.0,3941.1,3971.35,967590
2024-11-06 00:00:00+05:30,4003.6,4149.8,3975.25,4139.65,3792017
2024-11-07 00:00:00+05:30,4169.7,4205.8,4085.05,4150.9,3724349
2024-11-08 00:00:00+05:30,4155.0,4169.75,4117.65,4147.0,1648039
2024-11-11 00:00:00+05:30,4128.2,4234.3,4117.65,4198.7,1406487
2024-11-12 00:00:00+05:30,4216.0,4218.0,4164.35,4197.4,1587640
2024-11-13 00:00:00+05:30,4178.1,4196.75,4131.05,4150.35,1098813
2024-11-14 00:00:00+05:30,4135.0,4160.0,4116.45,4145.9,1825432
2024-11-18 00:00:00+05:30,4213.0,4213.0,3990.2,4019.5,3313944
2024-11-19 00:00:00+05:30,4019.9,4132.15,4014.1,4039.55,1776233
2024-11-21 00:00:00+05:30,4044.9,4092.45,4024.0,4072.85,2384347
2024-11-22 00:00:00+05:30,4071.0,4254.95,4054.0,4244.6,3096553
2024-11-25 00:00:00+05:30,4280.0,4328.1,4252.2,4315.1,4052167
2024-11-26 00:00:00+05:30,4321.05,4366.6,4310.0,4352.7,2060669
2024-11-27 00:00:00+05:30,4358.95,4377.4,4324.05,4332.55,1558993
2024-11-28 00:00:00+05:30,4319.0,4339.95,4233.0,4244.9,2558544
2024-11-29 00:00:00+05:30,4220.0,4298.7,4195.65,4270.85,2017425
2024-12-02 00:00:00+05:30,4270.0,4288.2,4230.05,4276.65,1670944
2024-12-03 00:00:00+05:30,4314.35,4325.0,4265.45,4302.75,2010905
2024-12-04 00:00:00+05:30,4313.55,4386.95,4289.05,4354.4,3302642
2024-12-05 00:00:00+05:30,4400.8,4489.0,4360.0,4464.05,3746747
2024-12-06 00:00:00+05:30,4453.0,4465.0,4412.75,4445.5,1842087
2024-12-09 00:00:00+05:30,4430.45,4469.4,4415.55,4452.15,2066639
2024-12-10 00:00:00+05:30,4426.15,4493.8,4412.1,4432.55,2087828
2024-12-11 00:00:00+05:30,4431.85,4448.65,4407.0,4427.45,1635256
2024-12-12 00:00:00+05:30,4430.05,4485.0,4426.0,4454.95,1914642
2024-12-13 00:00:00+05:30,4434.95,4494.9,4394.4,4473.9,1967048
2024-12-16 00:00:00+05:30,4459.0,4475.0,4397.0,4415.2,1646224
2024-12-17 00:00:00+05:30,4410.0,4432.95,4318.0,4328.5,3225027
2024-12-18 00:00:00+05:30,4311.7,4362.0,4289.6,4347.85,1575404
2024-12-19 00:00:00+05:30,4282.0,4364.0,4262.0,4271.9,3015763
2024-12-20 00:00:00+05:30,4329.0,4382.0,4152.5,4170.3,4116989
2024-12-23 00:00:00+05:30,4200.05,4217.0,4114.9,4158.3,2195338
2024-12-24 00:00:00+05:30,4158.3,4218.0,4158.3,4179.5,1181886
2024-12-26 00:00:00+05:30,4179.5,4199.95,4143.15,4169.1,1208464
2024-12-27 00:00:00+05:30,4163.0,4180.95,4147.25,4164.85,858100
2024-12-30 00:00:00+05:30,4151.0,4199.3,4112.0,4158.8,1527169
2024-12-31 00:00:00+05:30,4135.0,4139.95,4032.05,4094.8,1555429
2025-01-01 00:00:00+05:30,4094.4,4134.0,4085.45,4112.45,763161
2025-01-02 00:00:00+05:30,4120.0,4183.0,4096.95,4175.75,1720835
2025-01-03 00:00:00+05:30,4179.95,4179.95,4092.3,4099.9,1791953
2025-01-06 00:00:00+05:30,4105.5,4149.65,4066.4,4095.0,2085593
2025-01-07 00:00:00+05:30,4114.95,4140.35,4011.55,4028.3,2669054
2025-01-08 00:00:00+05:30,4034.9,4126.0,4017.75,4108.4,2181277
2025-01-09 00:00:00+05:30,4101.0,4137.75,4025.3,4038.85,2392472
2025-01-10 00:00:00+05:30,4200.0,4297.0,4170.0,4265.65,7894300
2025-01-13 00:00:00+05:30,4245.0,4322.95,4227.4,4291.1,4003771
2025-01-14 00:00:00+05:30,4302.0,4313.9,4219.05,4233.05,3441709
2025-01-15 00:00:00+05:30,4218.0,4256.45,4207.45,4249.6,1653474
2025-01-16 00:00:00+05:30,4260.0,4294.0,4191.85,4206.3,2637705
2025-01-17 00:00:00+05:30,4159.9,4160.6,4100.05,4124.3,1761466
2025-01-20 00:00:00+05:30,4145.8,4145.8,4068.1,4077.8,1287799
2025-01-21 00:00:00+05:30,4095.3,4111.0,4030.0,4035.85,1971591
2025-01-22 00:00:00+05:30,4050.0,4163.15,4044.2,4156.6,2409223
2025-01-23 00:00:00+05:30,4168.0,4191.35,4140.05,4145.45,1822998
2025-01-24 00:00:00+05:30,4104.0,4178.0,4104.0,4152.35,1910099
2025-01-27 00:00:00+05:30,4102.0,4156.35,4041.05,4065.15,1551782
2025-01-28 00:00:00+05:30,4070.8,4102.0,4028.3,4040.3,2468272
2025-01-29 00:00:00+05:30,4054.0,4107.85,4054.0,4099.8,1217089
2025-01-30 00:00:00+05:30,4099.9,4129.9,4058.5,4100.05,1531251
2025-01-31 00:00:00+05:30,4110.0,4128.45,4085.25,4112.4,1492943
2025-02-01 00:00:00+05:30,4113.0,4135.9,4056.0,4073.15,437172
2025-02-03 00:00:00+05:30,4030.9,4077.0,3998.7,4068.65,1265713
2025-02-04 00:00:00+05:30,4083.7,4118.85,4066.05,4107.05,2547132
2025-02-05 00:00:00+05:30,4150.0,4150.0,4076.0,4091.1,1693912
2025-02-06 00:00:00+05:30,4105.4,4139.5,4051.55,4082.75,2284536
2025-02-07 00:00:00+05:30,4090.0,4090.0,4008.0,4029.4,1548940
2025-02-10 00:00:00+05:30,4040.0,4052.0,4014.35,4036.95,1339511
2025-02-11 00:00:00+05:30,4018.4,4040.0,3955.0,3963.55,1810908
2025-02-12 00:00:00+05:30,3971.1,4021.75,3940.15,3950.15,1678002
2025-02-13 00:00:00+05:30,3968.0,3984.45,3902.25,3910.15,2277310
2025-02-14 00:00:00+05:30,3925.0,3948.0,3900.0,3934.85,1681975
2025-02-17 00:00:00+05:30,3856.5,3934.0,3856.2,3904.5,1799806
2025-02-18 00:00:00+05:30,3898.4,3924.4,3864.5,3873.2,2149879
2025-02-19 00:00:00+05:30,3872.2,3874.95,3768.15,3784.1,4366672
2025-02-20 00:00:00+05:30,3761.5,3788.0,3751.3,3779.4,2888572
2025-02-21 00:00:00+05:30,3776.1,3817.0,3775.0,3786.0,1833931
2025-02-24 00:00:00+05:30,3743.15,3763.2,3670.0,3675.6,2508516
2025-02-25 00:00:00+05:30,3625.0,3658.0,3621.25,3629.55,4101954
2025-02-27 00:00:00+05:30,3611.7,3638.0,3600.7,3612.55,3823856
2025-02-28 00:00:00+05:30,3584.95,3600.0,3457.0,3483.25,7085018
2025-03-03 00:00:00+05:30,3485.0,3523.25,3476.15,3493.05,4990439
2025-03-04 00:00:00+05:30,3474.0,3551.0,3464.3,3532.05,2797737
2025-03-05 00:00:00+05:30,3520.85,3600.35,3520.85,3547.05,2501894
2025-03-06 00:00:00+05:30,3557.0,3609.45,3536.1,3601.6,2786513
2025-03-07 00:00:00+05:30,3600.0,3625.0,3574.4,3611.2,2051315
2025-03-10 00:00:00+05:30,3606.5,3622.1,3582.6,3589.65,1004626
2025-03-11 00:00:00+05:30,3558.0,3588.75,3537.65,3575.3,1995450
2025-03-12 00:00:00+05:30,3565.0,3569.25,3486.85,3506.2,3174167
2025-03-13 00:00:00+05:30,3502.3,3524.3,3484.1,3511.05,1693004
2025-03-17 00:00:00+05:30,3489.0,3530.45,3477.35,3497.7,2690906
2025-03-18 00:00:00+05:30,3502.35,3556.95,3478.45,3552.45,3069109
2025-03-19 00:00:00+05:30,3547.0,3547.0,3462.75,3497.1,3051244
2025-03-20 00:00:00+05:30,3512.0,3578.95,3512.0,3563.15,2845192
2025-03-21 00:00:00+05:30,3475.0,3616.25,3465.0,3578.1,4161925
2025-03-24 00:00:00+05:30,3600.0,3649.75,3566.6,3628.95,1834751
2025-03-25 00:00:00+05:30,3645.0,3710.0,3638.0,3657.75,3135390
2025-03-26 00:00:00+05:30,3647.75,3680.5,3625.85,3635.8,1734499
2025-03-27 00:00:00+05:30,3614.85,3663.0,3610.5,3651.2,2528474
2025-03-28 00:00:00+05:30,3651.0,3660.95,3591.9,3606.15,2051919
2025-04-01 00:00:00+05:30,3572.7,3584.0,3525.0,3550.8,2618493
2025-04-02 00:00:00+05:30,3544.0,3564.1,3530.05,3543.95,1764313
2025-04-03 00:00:00+05:30,3491.0,3502.0,3396.15,3403.15,4537821
2025-04-04 00:00:00+05:30,3362.6,3399.65,3295.5,3299.4,5317367
2025-04-07 00:00:00+05:30,3100.0,3291.4,3056.05,3274.05,6623955
2025-04-08 00:00:00+05:30,3302.05,3349.0,3255.3,3292.95,5557558
2025-04-09 00:00:00+05:30,3260.55,3270.0,3212.05,3246.6,2990265
2025-04-11 00:00:00+05:30,3289.55,3298.95,3206.0,3231.5,7108961
2025-04-15 00:00:00+05:30,3314.4,3314.4,3238.6,3248.2,3512160
2025-04-16 00:00:00+05:30,3248.2,3278.1,3229.0,3273.8,2384391
2025-04-17 00:00:00+05:30,3245.5,3303.6,3218.0,3298.9,2932346
2025-04-21 00:00:00+05:30,3290.1,3354.0,3284.1,3321.6,2432946
2025-04-22 00:00:00+05:30,3322.6,3333.9,3295.0,3314.4,2710498
2025-04-23 00:00:00+05:30,3365.0,3420.9,3337.3,3413.0,3543923
2025-04-24 00:00:00+05:30,3401.1,3412.5,3387.7,3401.6,2252175
2025-04-25 00:00:00+05:30,3420.0,3477.8,3405.0,3448.0,2742991
2025-04-28 00:00:00+05:30,3435.0,3457.8,3405.0,3443.5,1593296
2025-04-29 00:00:00+05:30,3455.0,3495.0,3430.4,3472.5,1578332
2025-04-30 00:00:00+05:30,3472.0,3509.9,3366.0,3453.7,2809332
2025-05-02 00:00:00+05:30,3472.0,3491.5,3420.0,3444.7,2115624
2025-05-05 00:00:00+05:30,3450.0,3504.5,3446.4,3454.3,1284443
2025-05-06 00:00:00+05:30,3460.0,3473.0,3437.0,3460.0,1324763
2025-05-07 00:00:00+05:30,3420.6,3459.5,3420.6,3445.1,1477128
2025-05-08 00:00:00+05:30,3448.0,3477.0,3428.7,3448.9,2543591
2025-05-09 00:00:00+05:30,3399.0,3446.2,3398.1,3440.3,2531757
2025-05-12 00:00:00+05:30,3505.0,3630.5,3502.2,3620.4,2228678
2025-05-13 00:00:00+05:30,3620.4,3623.0,3510.5,3515.0,3062887
2025-05-14 00:00:00+05:30,3521.0,3561.0,3508.6,3548.7,2119499
2025-05-15 00:00:00+05:30,3564.0,3600.0,3514.1,3579.9,3548330
2025-05-16 00:00:00+05:30,3593.9,3593.9,3546.1,3561.3,1666727
2025-05-19 00:00:00+05:30,3550.0,3550.0,3503.7,3518.8,2537377
2025-05-20 00:00:00+05:30,3531.8,3558.0,3494.0,3498.3,2038374
2025-05-21 00:00:00+05:30,3508.0,3537.0,3498.3,3525.8,1440153
2025-05-22 00:00:00+05:30,3495.0,3497.8,3451.3,3477.0,2034383
2025-05-23 00:00:00+05:30,3477.0,3535.0,3465.6,3514.6,1274331
2025-05-26 00:00:00+05:30,3521.0,3545.0,3510.1,3537.3,967470
2025-05-27 00:00:00+05:30,3532.0,3540.0,3483.1,3498.7,2467680
2025-05-28 00:00:00+05:30,3520.0,3529.0,3493.0,3497.7,1222933
2025-05-29 00:00:00+05:30,3504.7,3532.5,3486.5,3498.1,3188072
2025-05-30 00:00:00+05:30,3490.0,3506.7,3453.1,3463.4,3404365
2025-06-02 00:00:00+05:30,3450.0,3460.0,3418.6,3449.8,1877585
2025-06-03 00:00:00+05:30,3446.0,3473.5,3400.5,3405.2,2848125
2025-06-04 00:00:00+05:30,3389.0,3394.8,3370.0,3380.9,2544807
2025-06-05 00:00:00+05:30,3409.0,3409.0,3363.7,3371.1,3584683
2025-06-06 00:00:00+05:30,3371.1,3390.9,3358.7,3384.2,2070390
2025-06-09 00:00:00+05:30,3400.0,3434.0,3390.9,3421.9,1718678
2025-06-10 00:00:00+05:30,3440.0,3485.8,3423.2,3462.9,2419874
2025-06-11 00:00:00+05:30,3470.0,3489.0,3449.1,3471.9,2847013
2025-06-12 00:00:00+05:30,3471.9,3474.7,3423.2,3434.2,4060134
2025-06-13 00:00:00+05:30,3393.2,3450.5,3393.2,3445.7,2178493
2025-06-16 00:00:00+05:30,3440.0,3509.0,3426.2,3496.3,1934088
2025-06-17 00:00:00+05:30,3510.0,3520.0,3488.1,3515.3,2111940
2025-06-18 00:00:00+05:30,3519.1,3538.0,3443.1,3451.4,2696327
2025-06-19 00:00:00+05:30,3450.0,3451.0,3413.0,3424.0,2672768
2025-06-20 00:00:00+05:30,3425.0,3446.3,3410.9,3435.7,2351248
2025-06-23 00:00:00+05:30,3415.0,3425.0,3370.0,3393.6,3123421
2025-06-24 00:00:00+05:30,3434.6,3442.1,3382.0,3390.4,3403048
2025-06-25 00:00:00+05:30,3407.3,3450.0,3400.0,3444.8,1757699
2025-06-26 00:00:00+05:30,3444.8,3451.4,3415.3,3441.8,2879106
2025-06-27 00:00:00+05:30,3455.0,3466.4,3431.0,3441.1,1778433
2025-06-30 00:00:00+05:30,3439.9,3464.9,3430.0,3462.0,1468351
2025-07-01 00:00:00+05:30,3455.0,3485.0,3413.5,3429.7,2375183
2025-07-02 00:00:00+05:30,3487.2,3489.9,3420.0,3423.3,3090585
2025-07-03 00:00:00+05:30,3430.0,3435.3,3397.6,3400.8,2531870
2025-07-04 00:00:00+05:30,3408.0,3427.0,3390.1,3419.8,1109320
2025-07-07 00:00:00+05:30,3418.3,3426.1,3408.4,3411.7,1639174
2025-07-08 00:00:00+05:30,3405.0,3425.0,3393.4,3406.2,2325242
2025-07-09 00:00:00+05:30,3410.0,3414.0,3367.0,3383.8,2034938
2025-07-10 00:00:00+05:30,3380.0,3399.0,3356.0,3382.0,3035012
2025-07-11 00:00:00+05:30,3299.9,3335.0,3261.1,3266.0,7635550
2025-07-14 00:00:00+05:30,3266.0,3272.0,3200.0,3222.7,3924009
2025-07-15 00:00:00+05:30,3206.0,3259.4,3206.0,3252.3,2590889
2025-07-16 00:00:00+05:30,3227.0,3244.9,3220.6,3233.1,2540733
2025-07-17 00:00:00+05:30,3224.1,3242.0,3204.1,3209.2,2947640
2025-07-18 00:00:00+05:30,3225.0,3228.8,3187.0,3189.9,3432645
2025-07-21 00:00:00+05:30,3190.0,3197.6,3152.0,3158.2,3844346
2025-07-22 00:00:00+05:30,3159.6,3180.1,3154.6,3159.6,3198036
2025-07-23 00:00:00+05:30,3159.6,3182.0,3157.6,3179.1,1922875
2025-07-24 00:00:00+05:30,3165.1,3173.7,3140.0,3148.0,2934778
2025-07-25 00:00:00+05:30,3140.0,3156.9,3125.6,3135.8,2568917
2025-07-28 00:00:00+05:30,3110.0,3118.0,3069.9,3079.3,3374473
2025-07-29 00:00:00+05:30,3060.0,3074.0,3041.2,3056.0,4785312
2025-07-30 00:00:00+05:30,3060.0,3069.0,3047.2,3053.6,2880121
2025-07-31 00:00:00+05:30,3041.7,3059.8,3015.0,3036.8,2968371
2025-08-01 00:00:00+05:30,3029.9,3036.8,3000.0,3003.0,2053847
2025-08-04 00:00:00+05:30,3009.1,3079.4,2991.6,3074.4,2519252
2025-08-05 00:00:00+05:30,3074.4,3077.5,3042.0,3063.9,1927996
2025-08-06 00:00:00+05:30,3063.0,3066.8,3026.0,3032.3,1487081
2025-08-07 00:00:00+05:30,3016.0,3051.6,3010.9,3047.0,2543076
2025-08-08 00:00:00+05:30,3048.1,3059.8,3025.0,3036.4,2762140
2025-08-11 00:00:00+05:30,3036.4,3049.9,3021.3,3040.8,1884215
2025-08-12 00:00:00+05:30,3041.0,3096.4,3026.9,3035.4,3358232
2025-08-13 00:00:00+05:30,3036.1,3044.4,3028.6,3036.2,2148166
2025-08-14 00:00:00+05:30,3034.0,3055.9,3019.1,3022.3,3342174
2025-08-18 00:00:00+05:30,3046.5,3049.0,3003.4,3011.2,2945609
2025-08-19 00:00:00+05:30,3011.2,3025.0,3011.1,3016.2,2650784
2025-08-20 00:00:00+05:30,3010.9,3103.4,3010.9,3098.6,4952358
2025-08-21 00:00:00+05:30,3130.0,3130.0,3083.1,3102.6,3230726
2025-08-22 00:00:00+05:30,3086.0,3095.7,3050.0,3054.0,1593791
2025-08-25 00:00:00+05:30,3087.3,3152.0,3077.1,3140.6,3448370
2025-08-26 00:00:00+05:30,3129.0,3162.0,3120.0,3157.2,5522097
2025-08-28 00:00:00+05:30,3145.0,3146.5,3086.5,3093.7,3116051
2025-08-29 00:00:00+05:30,3093.0,3115.0,3077.2,3084.7,2271789
2025-09-01 00:00:00+05:30,3090.0,3131.1,3090.0,3112.6,1246862
2025-09-02 00:00:00+05:30,3121.1,3155.0,3103.1,3111.5,2185229
2025-09-03 00:00:00+05:30,3129.9,3141.9,3088.0,3097.5,1799774
2025-09-04 00:00:00+05:30,3116.0,3118.0,3090.8,3095.7,1481391
2025-09-05 00:00:00+05:30,3097.1,3103.4,3028.6,3048.3,2802055
2025-09-08 00:00:00+05:30,3050.0,3064.9,3016.0,3019.0,2626187
2025-09-09 00:00:00+05:30,3032.1,3060.0,3030.8,3049.4,2489301
2025-09-10 00:00:00+05:30,3056.4,3122.7,3053.4,3110.0,2079428
2025-09-11 00:00:00+05:30,3139.0,3139.0,3110.1,3124.2,2263446
2025-09-12 00:00:00+05:30,3144.0,3148.7,3121.0,3133.4,1447167
2025-09-15 00:00:00+05:30,3134.0,3134.0,3096.0,3111.9,1732539
2025-09-16 00:00:00+05:30,3128.0,3150.0,3109.1,3145.7,2573429
2025-09-17 00:00:00+05:30,3152.0,3182.4,3142.4,3172.8,2418271
2025-09-18 00:00:00+05:30,3185.0,3203.0,3161.4,3176.7,2633138
2025-09-19 00:00:00+05:30,3170.0,3180.5,3144.0,3169.2,4901694
2025-09-22 00:00:00+05:30,3095.0,3106.9,3065.0,3073.8,3634901
2025-09-23 00:00:00+05:30,3070.0,3080.7,3052.0,3062.4,3177741
2025-09-24 00:00:00+05:30,3050.0,3057.0,3033.0,3035.4,1625714
2025-09-25 00:00:00+05:30,3022.0,3029.6,2951.0,2957.4,4974361
2025-09-26 00:00:00+05:30,2941.0,2954.8,2891.3,2899.1,3934636
2025-09-29 00:00:00+05:30,2916.0,2929.3,2894.0,2896.1,3110035
2025-09-30 00:00:00+05:30,2911.0,2915.3,2885.1,2888.4,2253458
2025-10-01 00:00:00+05:30,2891.0,2924.8,2866.6,2914.2,1952902
2025-10-03 00:00:00+05:30,2924.0,2924.0,2891.1,2901.9,2899519
2025-10-06 00:00:00+05:30,2902.0,2993.6,2895.6,2988.4,2112774
2025-10-07 00:00:00+05:30,2995.0,3004.5,2955.5,2973.7,3062943
2025-10-08 00:00:00+05:30,2975.0,3043.0,2968.0,3027.2,4121889
2025-10-09 00:00:00+05:30,3034.0,3066.0,3020.0,3061.7,3211304
2025-10-10 00:00:00+05:30,3050.0,3070.0,3006.9,3028.3,8817365
2025-10-13 00:00:00+05:30,3027.0,3035.5,2998.2,3007.2,2866865
2025-10-14 00:00:00+05:30,3021.0,3027.2,2955.5,2960.3,3611416
2025-10-15 00:00:00+05:30,2971.0,2979.7,2951.0,2969.8,4282226
2025-10-16 00:00:00+05:30,2969.9,2975.0,2943.1,2970.7,3251495
2025-10-17 00:00:00+05:30,2970.0,2988.8,2955.4,2962.2,4374683
2025-10-20 00:00:00+05:30,2985.5,3023.0,2978.5,3015.2,3133039
2025-10-21 00:00:00+05:30,3031.1,3031.8,2996.0,3006.7,310644
2025-10-23 00:00:00+05:30,3055.0,3098.0,3036.1,3073.2,5564758
2025-10-24 00:00:00+05:30,3080.0,3090.0,3058.3,3063.2,2684318
2025-10-27 00:00:00+05:30,3066.5,3094.2,3060.2,3084.9,1946312
2025-10-28 00:00:00+05:30,3076.0,3090.2,3040.2,3057.9,3470737
2025-10-29 00:00:00+05:30,3057.9,3076.0,3046.1,3057.6,2895420
2025-10-30 00:00:00+05:30,3049.1,3063.8,3032.8,3035.3,2241536
2025-10-31 00:00:00+05:30,3035.0,3067.4,3025.1,3058.0,1868085
2025-11-03 00:00:00+05:30,3046.9,3058.0,3010.0,3016.8,2194877
2025-11-04 00:00:00+05:30,3019.6,3029.3,2976.0,2990.2,2670720
2025-11-06 00:00:00+05:30,2990.1,3024.0,2990.0,3010.9,2542721
2025-11-07 00:00:00+05:30,3001.0,3004.0,2960.5,2991.8,1830520
2025-11-10 00:00:00+05:30,2993.0,3047.9,2992.0,3025.2,1556656
2025-11-11 00:00:00+05:30,3045.0,3055.7,3018.0,3047.0,2806868
2025-11-12 00:00:00+05:30,3060.0,3136.4,3057.1,3131.8,4460315
2025-11-13 00:00:00+05:30,3131.8,3131.9,3102.0,3105.7,1740435
2025-11-14 00:00:00+05:30,3090.0,3113.1,3077.3,3106.0,2210794
2025-11-17 00:00:00+05:30,3106.0,3123.5,3086.6,3102.2,2232853
2025-11-18 00:00:00+05:30,3102.0,3105.0,3078.0,3087.1,2548350
2025-11-19 00:00:00+05:30,3097.0,3155.0,3083.5,3147.7,3151053
2025-11-20 00:00:00+05:30,3148.0,3164.5,3138.1,3144.8,2700767
2025-11-21 00:00:00+05:30,3144.8,3170.0,3135.2,3150.6,4177037
2025-11-24 00:00:00+05:30,3158.0,3178.9,3131.0,3141.2,6703764
2025-11-25 00:00:00+05:30,3145.3,3149.8,3115.0,3119.2,2737920
2025-11-26 00:00:00+05:30,3118.8,3178.0,3117.0,3162.9,2508527
2025-11-27 00:00:00+05:30,3180.0,3180.0,3125.0,3136.6,2836233
2025-11-28 00:00:00+05:30,3140.0,3147.3,3125.0,3137.5,1616690
2025-12-01 00:00:00+05:30,3137.9,3154.0,3122.2,3133.4,1747647
2025-12-02 00:00:00+05:30,3131.0,3144.0,3120.4,3135.7,2512003
2025-12-03 00:00:00+05:30,3140.0,3211.9,3139.0,3180.0,3952112
2025-12-04 00:00:00+05:30,3194.0,3250.0,3187.4,3229.2,5025905
2025-12-05 00:00:00+05:30,3230.0,3271.6,3222.4,3238.2,5244013
2025-12-08 00:00:00+05:30,3243.0,3259.9,3208.6,3236.5,2544725
2025-12-09 00:00:00+05:30,3230.0,3233.7,3181.2,3208.3,2734893
2025-12-10 00:00:00+05:30,3225.0,3225.0,3178.1,3189.2,1386849
2025-12-11 00:00:00+05:30,3205.0,3208.4,3153.1,3191.9,1914362
2025-12-12 00:00:00+05:30,3197.7,3223.0,3185.7,3220.5,1146554
2025-12-15 00:00:00+05:30,3211.1,3238.2,3197.3,3230.2,1562190
2025-12-16 00:00:00+05:30,3220.0,3220.0,3191.1,3205.1,1734623
2025-12-17 00:00:00+05:30,3200.5,3236.9,3200.5,3217.8,1376350
2025-12-18 00:00:00+05:30,3228.0,3287.8,3221.0,3280.8,2307422
2025-12-19 00:00:00+05:30,3299.0,3317.9,3278.8,3282.0,3902511
2025-12-22 00:00:00+05:30,3310.0,3328.6,3291.0,3324.9,2632816
2025-12-23 00:00:00+05:30,3319.9,3319.9,3293.5,3310.0,2365420
2025-12-24 00:00:00+05:30,3304.1,3327.1,3296.1,3319.0,1367708
2025-12-26 00:00:00+05:30,3313.1,3320.0,3282.0,3283.9,526120
